missing_data,right_foot_x_pos,right_foot_y_pos,left_foot_x_pos,left_foot_y_pos,nose_x_pos,nose_y_pos,circles_running
True,,,,,,,False
True,,,,,,,False
True,,,,,,,False
True,,,,,,,False
True,,,,,,,False
True,,,,,,,False
True,,,,,,,False
True,,,,,,,False
True,,,,,,,False
True,,,,,,,False
True,,,,,,,False
True,,,,,,,False
True,,,,,,,False
True,,,,,,,False
True,,,,,,,False
True,,,,,,,False
True,,,,,,,False
True,,,,,,,False
True,,,,,,,False
True,,,,,,,False
False,0.941543459892273,0.5818463563919067,0.8814972043037415,0.6400980353355408,0.9025089740753174,0.05200868472456932,False
False,0.9513179659843445,0.5885494947433472,0.883592426776886,0.634239673614502,0.890855610370636,-0.028496280312538147,False
False,0.9340218901634216,0.5926149487495422,0.8770335912704468,0.6370816230773926,0.884106457233429,-0.00942674744874239,False
True,,,,,,,False
False,0.8713009357452393,0.6220018267631531,0.8709897994995117,0.6458967924118042,0.8419756293296814,0.017803817987442017,False
False,0.8209313154220581,0.6192082762718201,0.8709853887557983,0.6466459035873413,0.833627462387085,-0.04149826616048813,False
False,0.7895345091819763,0.608525276184082,0.8710422515869141,0.646673321723938,0.8190933465957642,0.03182187303900719,False
False,0.7654238939285278,0.5961427092552185,0.8701146245002747,0.6463299989700317,0.8172552585601807,0.035764411091804504,False
False,0.7313257455825806,0.5771417617797852,0.8696600198745728,0.6466625928878784,0.7915066480636597,0.013750690966844559,False
False,0.7141982316970825,0.562553346157074,0.8700610399246216,0.647034227848053,0.7810972332954407,0.05220640450716019,False
False,0.7162461876869202,0.5651097297668457,0.8705849051475525,0.6469225883483887,0.7703990340232849,0.06703194230794907,False
False,0.7029681205749512,0.5712677836418152,0.8705955743789673,0.6463717818260193,0.7583404183387756,0.07926414906978607,False
False,0.6947538256645203,0.5781044363975525,0.8717954754829407,0.646649956703186,0.7428752779960632,0.08018618822097778,False
False,0.6882511973381042,0.5862420201301575,0.8744489550590515,0.6451836228370667,0.7281975150108337,0.09609116613864899,False
False,0.6866033673286438,0.5944106578826904,0.8736595511436462,0.6437309980392456,0.6941579580307007,0.0963318794965744,False
False,0.6849002838134766,0.6004831194877625,0.8668127655982971,0.6433146595954895,0.6530759930610657,0.100772425532341,False
False,0.8559876680374146,0.6371461153030396,0.6938719153404236,0.6166656613349915,0.637825608253479,0.12185461074113846,False
False,0.7084383368492126,0.6276518702507019,0.8296403288841248,0.6292674541473389,0.6332391500473022,0.14447464048862457,False
False,0.7273716330528259,0.6529053449630737,0.8486985564231873,0.6296422481536865,0.6228042840957642,0.16215936839580536,False
False,0.6860884428024292,0.6264408230781555,0.8564205169677734,0.6327002048492432,0.6171006560325623,0.17700813710689545,False
False,0.6715326905250549,0.6193529963493347,0.8602812886238098,0.6358759999275208,0.6076493263244629,0.19783331453800201,False
False,0.662830650806427,0.6149986386299133,0.8612266182899475,0.6363595128059387,0.6008545160293579,0.21263079345226288,False
False,0.6601333022117615,0.6139780879020691,0.8594169020652771,0.6366065740585327,0.5953295230865479,0.224274680018425,False
False,0.6579177975654602,0.6138059496879578,0.8582037091255188,0.6370266675949097,0.5869641900062561,0.2325223982334137,False
False,0.6624489426612854,0.615223228931427,0.857622504234314,0.6373792290687561,0.580026388168335,0.23269745707511902,False
False,0.6720449328422546,0.6151871681213379,0.8533496260643005,0.6364843249320984,0.5775744318962097,0.2356574833393097,False
False,0.6777247786521912,0.6151827573776245,0.8474833965301514,0.6319128274917603,0.5724422931671143,0.23598116636276245,False
False,0.7920457124710083,0.6000727415084839,0.7791451215744019,0.6070582270622253,0.5661157965660095,0.23695027828216553,False
False,0.8283171653747559,0.6161276698112488,0.6967009902000427,0.6146382689476013,0.560674786567688,0.23000577092170715,False
False,0.7042703032493591,0.6157966256141663,0.7698307633399963,0.6182998418807983,0.5559333562850952,0.2293536514043808,False
False,0.7312315106391907,0.622032642364502,0.7639366984367371,0.6269432902336121,0.5592744946479797,0.23521357774734497,False
False,0.7949224710464478,0.6210163235664368,0.6870226263999939,0.6251469850540161,0.5505610108375549,0.23453274369239807,False
False,0.695248544216156,0.6154440641403198,0.7352973222732544,0.6244646906852722,0.5515479445457458,0.23145349323749542,False
False,0.6834327578544617,0.6154014468193054,0.7609342336654663,0.6247141361236572,0.548613429069519,0.22997090220451355,False
False,0.6904877424240112,0.6148344874382019,0.7553623914718628,0.624725341796875,0.5436043739318848,0.23125280439853668,False
False,0.7000195384025574,0.6140156984329224,0.727078378200531,0.6264357566833496,0.5454512238502502,0.2323712408542633,False
False,0.7036774158477783,0.61467444896698,0.720518946647644,0.6291443705558777,0.5452777147293091,0.233481764793396,False
False,0.7047869563102722,0.609277069568634,0.705471932888031,0.6304499506950378,0.543727695941925,0.23267364501953125,False
False,0.6968604326248169,0.6100651621818542,0.6961023211479187,0.6397976875305176,0.5428604483604431,0.23321549594402313,False
False,0.6887710690498352,0.627020001411438,0.6891119480133057,0.6497782468795776,0.5447344779968262,0.23547808825969696,False
False,0.6827865839004517,0.647223174571991,0.6839419007301331,0.6761956214904785,0.5456985235214233,0.23589567840099335,False
False,0.6831174492835999,0.6535239815711975,0.6788194179534912,0.6778877377510071,0.5409010648727417,0.23266437649726868,False
False,0.6840001940727234,0.6656985282897949,0.6776050925254822,0.6891180276870728,0.540226936340332,0.22934982180595398,False
False,0.6872830986976624,0.6578402519226074,0.67349773645401,0.6979295015335083,0.5370169281959534,0.2259932905435562,False
False,0.6879494786262512,0.6565584540367126,0.6728582382202148,0.7013834714889526,0.538003146648407,0.22927609086036682,False
False,0.6887407898902893,0.6739984154701233,0.6801782846450806,0.6954905390739441,0.5353735089302063,0.22983381152153015,False
False,0.7095962166786194,0.6660367250442505,0.6787025928497314,0.6997858881950378,0.5331977605819702,0.22912047803401947,False
True,,,,,,,False
True,,,,,,,False
False,0.7418999671936035,0.6121079921722412,0.6771309971809387,0.7068464159965515,0.5529460906982422,0.20843440294265747,False
True,,,,,,,False
False,0.7423244118690491,0.6270660161972046,0.6764301657676697,0.6962333917617798,0.5436803102493286,0.2324858009815216,False
False,0.7618246674537659,0.625938892364502,0.675234854221344,0.6988191604614258,0.542431116104126,0.22628752887248993,False
False,0.7642896771430969,0.6233327388763428,0.6748876571655273,0.7013474702835083,0.5424667000770569,0.21189537644386292,False
False,0.762691855430603,0.6214984059333801,0.6736061573028564,0.7013517022132874,0.5424761772155762,0.20998825132846832,False
False,0.7641164660453796,0.6216473579406738,0.673675537109375,0.701011598110199,0.5418217182159424,0.2075904905796051,False
False,0.7642066478729248,0.6208817958831787,0.6732752323150635,0.7001667618751526,0.5403991937637329,0.20746344327926636,False
False,0.7255081534385681,0.6303389072418213,0.6775124073028564,0.6960173845291138,0.5398720502853394,0.2202523797750473,False
True,,,,,,,False
False,0.7661653757095337,0.6207771301269531,0.676135778427124,0.6798468828201294,0.5341861248016357,0.23015764355659485,False
False,0.7682759165763855,0.6207578778266907,0.6754762530326843,0.681756317615509,0.5341688394546509,0.22605493664741516,False
False,0.7690554857254028,0.6206474304199219,0.6714826822280884,0.6867308020591736,0.536196231842041,0.22716470062732697,False
False,0.768974781036377,0.620679497718811,0.6676283478736877,0.6872889399528503,0.5379846692085266,0.2253895252943039,False
False,0.7359536290168762,0.6437240839004517,0.6756455302238464,0.6900712251663208,0.537812352180481,0.22378194332122803,False
False,0.6645082831382751,0.6899758577346802,0.76165771484375,0.6445592045783997,0.5376774072647095,0.22568923234939575,False
False,0.6550388932228088,0.702567994594574,0.7742055654525757,0.6401399970054626,0.5397710800170898,0.23032265901565552,False
True,,,,,,,False
True,,,,,,,False
False,0.7734508514404297,0.6155900955200195,0.656374990940094,0.7069299221038818,0.5536297559738159,0.23324888944625854,False
False,0.7745649814605713,0.6201914548873901,0.6572829484939575,0.7062046527862549,0.5561888813972473,0.23228338360786438,False
True,,,,,,,False
False,0.7713685631752014,0.6350854635238647,0.6617158651351929,0.7093624472618103,0.563977062702179,0.24665091931819916,False
False,0.7762085795402527,0.6223754286766052,0.6613434553146362,0.7104001641273499,0.567415177822113,0.21964173018932343,False
False,0.7779732346534729,0.6203780174255371,0.6598272919654846,0.7106983065605164,0.5689836144447327,0.21929457783699036,False
False,0.777338445186615,0.6192259192466736,0.6598232984542847,0.7110351920127869,0.5653733015060425,0.21893952786922455,False
False,0.7708279490470886,0.6188459992408752,0.6598700881004333,0.711111307144165,0.5563511848449707,0.21651151776313782,False
False,0.7709419131278992,0.6196826696395874,0.6596112847328186,0.711107611656189,0.542944073677063,0.2179034948348999,False
False,0.770754873752594,0.6256647109985352,0.6640447974205017,0.7023063898086548,0.5326502919197083,0.22574637830257416,False
False,0.7584601044654846,0.6255307793617249,0.6806628704071045,0.6883888840675354,0.5096992254257202,0.22200730443000793,False
False,0.7211505174636841,0.6492965221405029,0.731241762638092,0.6500735282897949,0.4953594505786896,0.22233836352825165,False
False,0.7014926671981812,0.6101590394973755,0.7589002251625061,0.6351388096809387,0.48303163051605225,0.2237224578857422,False
False,0.7885739207267761,0.5839638710021973,0.7738813161849976,0.6216141581535339,0.47318851947784424,0.2295207679271698,True
False,0.7928915023803711,0.5554194450378418,0.7893258929252625,0.5914036631584167,0.4662960171699524,0.23054592311382294,True
False,0.7965630292892456,0.5220277905464172,0.789841890335083,0.5631014704704285,0.45910996198654175,0.21718774735927582,True
False,0.7876473665237427,0.4993192255496979,0.7827611565589905,0.5231670141220093,0.4580525755882263,0.21358025074005127,True
False,0.7729842662811279,0.4400017261505127,0.7674503326416016,0.4650031626224518,0.4558260142803192,0.20726580917835236,True
False,0.7658096551895142,0.40902388095855713,0.7804140448570251,0.42927101254463196,0.45146122574806213,0.19652196764945984,True
False,0.7647945880889893,0.42979827523231506,0.8048580288887024,0.42800408601760864,0.4487367868423462,0.1901429295539856,True
False,0.591468870639801,0.46292823553085327,0.5992628931999207,0.48749056458473206,0.4514065086841583,0.1801537275314331,True
False,0.5410411357879639,0.5156826376914978,0.5922476649284363,0.530730128288269,0.4548385739326477,0.17276951670646667,True
False,0.5151491761207581,0.5155137777328491,0.6090810894966125,0.5594317317008972,0.4590321481227875,0.15771156549453735,True
False,0.5171090960502625,0.5151345133781433,0.5846841931343079,0.5639551877975464,0.47283145785331726,0.14973583817481995,True
False,0.5098035931587219,0.47346001863479614,0.5865316987037659,0.5726194381713867,0.48230957984924316,0.1418462097644806,True
True,,,,,,,True
False,0.4314466416835785,0.52806156873703,0.619638204574585,0.5498800873756409,0.5162187814712524,0.14159990847110748,True
False,0.4237383008003235,0.5024659037590027,0.6093125343322754,0.5309920310974121,0.5232730507850647,0.13969199359416962,True
False,0.4003582000732422,0.49692559242248535,0.4506489634513855,0.48522377014160156,0.5313926935195923,0.13959087431430817,True
False,0.3931383788585663,0.5023366212844849,0.3681229054927826,0.5086045265197754,0.5378912687301636,0.1396040916442871,True
False,0.35033512115478516,0.5178531408309937,0.3724527359008789,0.5464476943016052,0.5375723838806152,0.14052675664424896,True
False,0.3443371653556824,0.5204424858093262,0.3368605673313141,0.5475804209709167,0.5366021990776062,0.1499774008989334,True
False,0.3330611288547516,0.5471528172492981,0.3290345072746277,0.5603028535842896,0.5340114831924438,0.16229218244552612,True
False,0.3383210003376007,0.5574648976325989,0.38319680094718933,0.5638537406921387,0.523464560508728,0.1677105724811554,True
False,0.40533632040023804,0.5763834118843079,0.4257012903690338,0.5714746117591858,0.5102901458740234,0.19251658022403717,True
False,0.4589248597621918,0.5789461731910706,0.6151376962661743,0.6066510081291199,0.4969455897808075,0.19831784069538116,True
False,0.4854932725429535,0.5897096395492554,0.5436629056930542,0.5904605984687805,0.5011084079742432,0.22136327624320984,True
False,0.47866153717041016,0.5462631583213806,0.5637230277061462,0.5525587797164917,0.5043809413909912,0.2554934620857239,True
False,0.5807424783706665,0.5789750814437866,0.5265575051307678,0.5577462315559387,0.5147629976272583,0.24964402616024017,True
True,,,,,,,True
False,0.6255395412445068,0.5515968203544617,0.6888942718505859,0.5261237621307373,0.4311472177505493,0.23912465572357178,True
False,0.6789292693138123,0.5247397422790527,0.7153559327125549,0.5209751725196838,0.4285658895969391,0.24905669689178467,True
False,0.6544588804244995,0.5166687965393066,0.7333675622940063,0.5355538129806519,0.4250829219818115,0.2619495391845703,True
False,0.584073007106781,0.5717986226081848,0.7510364055633545,0.5505498647689819,0.42546728253364563,0.2762296199798584,True
False,0.6170588731765747,0.4889862835407257,0.7578126788139343,0.5471091270446777,0.4211841821670532,0.2859047055244446,True
False,0.7082178592681885,0.4915982782840729,0.7445111274719238,0.5381036996841431,0.420293927192688,0.2875475585460663,True
False,0.7109392285346985,0.47264569997787476,0.7380064129829407,0.525635838508606,0.4201231300830841,0.28493162989616394,True
False,0.6901596784591675,0.4248712956905365,0.6131181716918945,0.4620094895362854,0.44366100430488586,0.2798801064491272,True
False,0.6207035183906555,0.46510130167007446,0.6264399290084839,0.43587595224380493,0.4337299168109894,0.2546895742416382,True
False,0.467413067817688,0.5316384434700012,0.6388309597969055,0.5158689618110657,0.42964690923690796,0.21949894726276398,True
False,0.5169379711151123,0.5345936417579651,0.6085342168807983,0.549402117729187,0.430331826210022,0.1947447657585144,True
False,0.46254202723503113,0.5320174694061279,0.5976866483688354,0.5518175959587097,0.43525227904319763,0.17227810621261597,True
False,0.5047379732131958,0.5495086312294006,0.5921629667282104,0.5793336629867554,0.4530286192893982,0.1535824090242386,True
False,0.4869166612625122,0.5520175099372864,0.5913024544715881,0.5845561027526855,0.46837493777275085,0.14057429134845734,True
False,0.4834064245223999,0.5581051111221313,0.6094383597373962,0.5684018731117249,0.48561418056488037,0.13058388233184814,True
False,0.4542529881000519,0.55003821849823,0.6009304523468018,0.5213803052902222,0.5008176565170288,0.12408755719661713,True
True,,,,,,,True
False,0.37367361783981323,0.5117599964141846,0.38008278608322144,0.5277183651924133,0.5234541296958923,0.12783239781856537,True
False,0.33958888053894043,0.5079159140586853,0.328946590423584,0.527717649936676,0.5309195518493652,0.1390564888715744,True
False,0.3733961284160614,0.5492898225784302,0.3202420175075531,0.5305973887443542,0.5341774225234985,0.14767439663410187,True
False,0.31731918454170227,0.5171666741371155,0.3046260178089142,0.5523571968078613,0.5357775688171387,0.16150522232055664,True
False,0.3099299371242523,0.5170610547065735,0.3061997890472412,0.560636043548584,0.5348512530326843,0.17130742967128754,True
False,0.33105677366256714,0.560940146446228,0.3873673677444458,0.6016074419021606,0.5246375203132629,0.17786173522472382,True
False,0.3609063923358917,0.5738707780838013,0.4905696511268616,0.6483364701271057,0.5112503170967102,0.20008039474487305,True
False,0.4632359743118286,0.6147178411483765,0.45729008316993713,0.6092914938926697,0.4977947473526001,0.2091784030199051,True
False,0.5340792536735535,0.5894091129302979,0.4822761118412018,0.5938040614128113,0.4869048595428467,0.21242071688175201,True
False,0.5404557585716248,0.5874587297439575,0.5282891988754272,0.588904857635498,0.4991213381290436,0.24353837966918945,True
False,0.5778862833976746,0.6086581349372864,0.5613293051719666,0.5865921378135681,0.5033074617385864,0.2421172708272934,True
False,0.5190004706382751,0.5907265543937683,0.6284368634223938,0.5852397084236145,0.5322207808494568,0.23650719225406647,True
True,,,,,,,True
False,0.6597914695739746,0.5749298334121704,0.7108190655708313,0.569617748260498,0.43235787749290466,0.2676547169685364,True
False,0.5925164222717285,0.5575999617576599,0.7200808525085449,0.5680434107780457,0.43126022815704346,0.26992905139923096,True
False,0.5861073136329651,0.5587273836135864,0.754349946975708,0.5684046149253845,0.43040770292282104,0.27796947956085205,True
False,0.5925416946411133,0.5324333906173706,0.7652109265327454,0.5618596076965332,0.429922491312027,0.27696508169174194,True
False,0.7249730825424194,0.48131948709487915,0.7581554651260376,0.5480488538742065,0.4251471161842346,0.2752011716365814,True
False,0.7273341417312622,0.4592452645301819,0.7442783117294312,0.49046576023101807,0.42577841877937317,0.2553982436656952,True
False,0.7024903893470764,0.44213980436325073,0.7036001682281494,0.4623561203479767,0.4259628355503082,0.22690457105636597,True
False,0.7280691862106323,0.4236361086368561,0.7011688351631165,0.4107496738433838,0.42719730734825134,0.2148992270231247,True
False,0.6054445505142212,0.5137274861335754,0.6182029247283936,0.5158767104148865,0.429068386554718,0.1989872306585312,True
False,0.603047251701355,0.5175250172615051,0.6274862885475159,0.5443030595779419,0.4381450414657593,0.17425915598869324,True
False,0.5275092720985413,0.5296502113342285,0.602622389793396,0.5600029230117798,0.4501524865627289,0.1602921187877655,True
True,,,,,,,True
False,0.4537517726421356,0.5327709913253784,0.6237337589263916,0.5373998880386353,0.48515045642852783,0.14021652936935425,True
False,0.45028355717658997,0.5470889210700989,0.6319093108177185,0.5670652389526367,0.4939214587211609,0.1395307332277298,True
False,0.45564326643943787,0.5357154011726379,0.5601859092712402,0.5592797994613647,0.506917417049408,0.1393507868051529,True
False,0.4380238950252533,0.5315640568733215,0.5640194416046143,0.5726416110992432,0.5198365449905396,0.1369411200284958,True
False,0.3867930471897125,0.5101017355918884,0.534084141254425,0.5656223893165588,0.528856635093689,0.13848479092121124,True
False,0.40266624093055725,0.5443465709686279,0.41655027866363525,0.5586780905723572,0.5327053070068359,0.14878900349140167,True
False,0.3725834786891937,0.5390284657478333,0.3939485251903534,0.5452732443809509,0.5332959294319153,0.1589479297399521,True
False,0.3326478600502014,0.5379939079284668,0.3486299514770508,0.5509501695632935,0.5306613445281982,0.16766133904457092,True
False,0.332258939743042,0.5519779920578003,0.5351729989051819,0.5643452405929565,0.5269872546195984,0.17912530899047852,True
False,0.3455030620098114,0.567526638507843,0.5496824979782104,0.622986376285553,0.526535153388977,0.1866597682237625,True
False,0.3902757167816162,0.6081039309501648,0.6247019171714783,0.6092100739479065,0.5131862163543701,0.20023557543754578,True
False,0.4566599428653717,0.5893778204917908,0.5676183700561523,0.5998703241348267,0.4974674582481384,0.20261123776435852,True
False,0.5035572052001953,0.5770621299743652,0.5260725617408752,0.5692285895347595,0.4878591001033783,0.20830214023590088,True
False,0.5252379179000854,0.5753229856491089,0.5385968685150146,0.5544854998588562,0.48070499300956726,0.21968846023082733,True
False,0.5883601903915405,0.5844072103500366,0.5476208329200745,0.5686514973640442,0.48412612080574036,0.24096588790416718,True
False,0.5008813738822937,0.6023165583610535,0.6455636024475098,0.5804814696311951,0.46179676055908203,0.23295041918754578,True
False,0.5873810648918152,0.5922667980194092,0.6588839888572693,0.5765971541404724,0.45843765139579773,0.24006764590740204,True
False,0.5817490220069885,0.5304037928581238,0.7247474789619446,0.5226706266403198,0.4900892674922943,0.2693021297454834,True
False,0.5914603471755981,0.5315955877304077,0.7684744000434875,0.5132845044136047,0.4936615526676178,0.32865726947784424,True
False,0.5535416007041931,0.5091094374656677,0.7908088564872742,0.5140073299407959,0.48301878571510315,0.32078781723976135,True
False,0.5378721356391907,0.5158649682998657,0.7892285585403442,0.5152143836021423,0.47904637455940247,0.32771235704421997,True
False,0.5425606369972229,0.5791126489639282,0.7710676789283752,0.5147672295570374,0.4808720350265503,0.3463203012943268,True
False,0.5505344867706299,0.5452263951301575,0.7355948686599731,0.5087123513221741,0.4420565664768219,0.276309996843338,True
False,0.5736252069473267,0.5373468399047852,0.6975768804550171,0.5039918422698975,0.4528585374355316,0.25759854912757874,True
False,0.6147158741950989,0.5373783707618713,0.6182807683944702,0.5110089182853699,0.4603615403175354,0.24830739200115204,True
False,0.6255000233650208,0.5384331345558167,0.5746937394142151,0.5149596929550171,0.46330541372299194,0.2241770476102829,True
False,0.6165204644203186,0.5328631401062012,0.5723240375518799,0.5158879160881042,0.4673013687133789,0.1944456398487091,True
False,0.6134291291236877,0.534577488899231,0.6009429693222046,0.5160040855407715,0.4910362660884857,0.16213929653167725,True
False,0.6053501963615417,0.5316845774650574,0.6028114557266235,0.5101191997528076,0.5091354846954346,0.14531822502613068,True
False,0.6093397736549377,0.5341622829437256,0.6082532405853271,0.515665590763092,0.520751416683197,0.1397167593240738,True
False,0.5179845690727234,0.532304048538208,0.551517903804779,0.5095289349555969,0.5344910025596619,0.1374984085559845,True
False,0.3860313296318054,0.5206294059753418,0.4973984360694885,0.5130124688148499,0.5467715859413147,0.1353858858346939,True
False,0.3507876694202423,0.5212212204933167,0.41293102502822876,0.5051129460334778,0.5508604645729065,0.1463107317686081,True
False,0.3250046670436859,0.5345406532287598,0.35324305295944214,0.5422874093055725,0.553206205368042,0.15290503203868866,True
False,0.317092627286911,0.5454432368278503,0.31486836075782776,0.5562263131141663,0.5509561896324158,0.15542058646678925,True
False,0.3193378746509552,0.5559322237968445,0.3253229260444641,0.5620059370994568,0.5452629923820496,0.16523638367652893,True
False,0.3564555048942566,0.559856116771698,0.35636577010154724,0.5608201026916504,0.5406171679496765,0.17958368360996246,True
False,0.36986038088798523,0.5697087049484253,0.4410238265991211,0.5606570839881897,0.5301268100738525,0.18738490343093872,True
False,0.4941081702709198,0.5859997272491455,0.5211294293403625,0.5837773084640503,0.5138066411018372,0.18900400400161743,True
False,0.6005685925483704,0.5979177951812744,0.4868825674057007,0.5724452137947083,0.5261046886444092,0.23092789947986603,True
False,0.5230003595352173,0.5978410243988037,0.5336242914199829,0.579735517501831,0.5460034608840942,0.2471974492073059,True
True,,,,,,,True
False,0.6505579948425293,0.575442373752594,0.6670163869857788,0.5595793128013611,0.46487295627593994,0.2189384400844574,True
False,0.6564728617668152,0.5631840229034424,0.7237548828125,0.4994865953922272,0.4559563100337982,0.21915701031684875,True
False,0.6912729740142822,0.5220531821250916,0.714724600315094,0.5178059339523315,0.447876900434494,0.23021772503852844,True
False,0.6324167847633362,0.5304597616195679,0.7519140243530273,0.5167436599731445,0.44041377305984497,0.2491956204175949,True
False,0.6311130523681641,0.5257754921913147,0.7615175843238831,0.5213941335678101,0.4359090030193329,0.26274022459983826,True
False,0.6248261332511902,0.5306082367897034,0.7807473540306091,0.5257866978645325,0.43523067235946655,0.2756664752960205,True
False,0.6289977431297302,0.533145010471344,0.7675988078117371,0.5131570100784302,0.43486490845680237,0.2793263792991638,True
False,0.6745443344116211,0.5116333365440369,0.7464700937271118,0.5101902484893799,0.4366631507873535,0.2787342369556427,True
False,0.681944727897644,0.4913766384124756,0.7012513279914856,0.4999406933784485,0.43783804774284363,0.27164116501808167,True
False,0.5769898295402527,0.537260890007019,0.6086816191673279,0.498025119304657,0.43975749611854553,0.26890304684638977,True
False,0.570556104183197,0.5489915013313293,0.63343745470047,0.5342762470245361,0.44839659333229065,0.2416485846042633,True
False,0.4839661121368408,0.5662181973457336,0.6497347354888916,0.5331994891166687,0.45727217197418213,0.2220403105020523,True
False,0.5110688805580139,0.5600388646125793,0.6557826995849609,0.5509709119796753,0.47419387102127075,0.20002008974552155,True
False,0.5534350872039795,0.5454195737838745,0.6361074447631836,0.5584529042243958,0.48832666873931885,0.17797920107841492,True
False,0.4791068136692047,0.5424481630325317,0.6356563568115234,0.5508688688278198,0.4992482364177704,0.17060840129852295,True
False,0.4683743715286255,0.5225709676742554,0.6165816187858582,0.5418670773506165,0.5120840668678284,0.15586696565151215,True
True,,,,,,,True
False,0.3894708752632141,0.46214374899864197,0.5127306580543518,0.5068893432617188,0.541999876499176,0.15840578079223633,True
False,0.32357677817344666,0.4669203460216522,0.3857834041118622,0.49470409750938416,0.546730637550354,0.1559668481349945,True
False,0.3230014741420746,0.4849204421043396,0.3641672134399414,0.5063579678535461,0.5505498051643372,0.15248602628707886,True
False,0.3089529871940613,0.5172364115715027,0.503599226474762,0.5177102088928223,0.5558704137802124,0.14915163815021515,True
False,0.30564630031585693,0.5347752571105957,0.3709160089492798,0.5481135845184326,0.5553274750709534,0.14929629862308502,True
False,0.30823367834091187,0.5566748380661011,0.3549405038356781,0.5626122355461121,0.5541172027587891,0.1532154381275177,True
False,0.31948912143707275,0.5476980805397034,0.3519773781299591,0.5828769207000732,0.536979615688324,0.15335625410079956,True
False,0.40001818537712097,0.6255559325218201,0.3843999207019806,0.6060237288475037,0.5211507678031921,0.15968748927116394,True
False,0.42604687809944153,0.6295398473739624,0.5326876640319824,0.6376094818115234,0.5111971497535706,0.1717928797006607,True
False,0.444379061460495,0.589722752571106,0.6318482756614685,0.619053065776825,0.5034160614013672,0.17471835017204285,True
False,0.4902266561985016,0.5870224237442017,0.6263419985771179,0.587268054485321,0.4840256869792938,0.17257745563983917,True
False,0.582577109336853,0.5654357075691223,0.6131047606468201,0.5691431164741516,0.4735869765281677,0.18631476163864136,True
False,0.558072030544281,0.5905889272689819,0.6737673878669739,0.5078577995300293,0.4674983322620392,0.1982124149799347,True
False,0.6519349813461304,0.528152346611023,0.7187079787254333,0.46928972005844116,0.45973068475723267,0.19940678775310516,True
False,0.6822285056114197,0.47837692499160767,0.7291179299354553,0.4508964419364929,0.4563240706920624,0.20018135011196136,True
False,0.6640229821205139,0.5061818361282349,0.7551407814025879,0.40665730834007263,0.45321202278137207,0.2010846585035324,True
False,0.7277591228485107,0.4181442856788635,0.7497209310531616,0.40337935090065,0.4563100039958954,0.19766056537628174,True
False,0.7099601030349731,0.4353877604007721,0.7496925592422485,0.4141959547996521,0.4591088891029358,0.1952950656414032,True
False,0.6899880766868591,0.4484040439128876,0.7506770491600037,0.39768871665000916,0.46520277857780457,0.19838498532772064,True
False,0.6654261946678162,0.5125901699066162,0.7312538027763367,0.40032586455345154,0.4684341549873352,0.20328430831432343,True
False,0.564551591873169,0.538382887840271,0.7304844260215759,0.4047211706638336,0.47518184781074524,0.20662648975849152,True
False,0.5256048440933228,0.5594931840896606,0.6256115436553955,0.5142600536346436,0.4909626245498657,0.21528427302837372,True
False,0.463138222694397,0.6143074631690979,0.6054397821426392,0.5629389882087708,0.5113307237625122,0.2173997312784195,True
False,0.4947546422481537,0.6148800253868103,0.6080220937728882,0.5638918876647949,0.5263755321502686,0.21968528628349304,True
False,0.5182883143424988,0.5871570706367493,0.6265239715576172,0.5506518483161926,0.5308769941329956,0.22991473972797394,True
False,0.515167772769928,0.5926181674003601,0.6358292698860168,0.5579888224601746,0.5442761778831482,0.22599220275878906,True
False,0.4552316665649414,0.5385071635246277,0.6395912170410156,0.5685752630233765,0.5536146759986877,0.23800607025623322,True
False,0.4560925364494324,0.5363328456878662,0.6390337347984314,0.5554318428039551,0.5616714358329773,0.23367764055728912,True
False,0.4165213704109192,0.5386359691619873,0.6350966095924377,0.5528973937034607,0.5729773044586182,0.2172628790140152,True
False,0.37792640924453735,0.5218716859817505,0.6317976117134094,0.5637109279632568,0.5808578729629517,0.1985032707452774,True
False,0.3823530972003937,0.52573162317276,0.5990801453590393,0.5458557605743408,0.5848986506462097,0.17887313663959503,True
False,0.38788163661956787,0.5312455296516418,0.5652397274971008,0.5179471969604492,0.585829496383667,0.170639306306839,True
False,0.3538992702960968,0.5478752255439758,0.5758335590362549,0.5818670988082886,0.5854292511940002,0.16457822918891907,True
False,0.3245493173599243,0.5381410121917725,0.3557894825935364,0.5400214791297913,0.580748975276947,0.16511644423007965,True
False,0.323976069688797,0.5129070281982422,0.34181979298591614,0.5261042714118958,0.5749459862709045,0.16282765567302704,True
False,0.3544952869415283,0.5206156373023987,0.3818885087966919,0.5279335379600525,0.5701395869255066,0.16117854416370392,True
False,0.40930137038230896,0.5226120352745056,0.43592920899391174,0.5377348065376282,0.5595964193344116,0.16309158504009247,True
False,0.4646682143211365,0.5993378162384033,0.46458160877227783,0.5844106674194336,0.5417628288269043,0.16430474817752838,True
False,0.5806549191474915,0.6118857264518738,0.45513859391212463,0.5760121941566467,0.5248845219612122,0.1646440178155899,True
False,0.5768563151359558,0.6085071563720703,0.4664572775363922,0.5835863351821899,0.5085495710372925,0.16932564973831177,True
False,0.6639241576194763,0.5748355388641357,0.4679996371269226,0.5812162160873413,0.48556753993034363,0.17013925313949585,True
False,0.517760157585144,0.5061904191970825,0.7023036479949951,0.46559029817581177,0.47917017340660095,0.17810086905956268,True
False,0.4574427306652069,0.5252708792686462,0.7102416157722473,0.4370478093624115,0.4740583300590515,0.1891530156135559,True
False,0.48646846413612366,0.5835294127464294,0.6944894194602966,0.4547688961029053,0.46477264165878296,0.1976921260356903,True
False,0.5081599950790405,0.5892178416252136,0.704403817653656,0.4233432114124298,0.4635520279407501,0.19441235065460205,True
False,0.5057004690170288,0.5848051309585571,0.7451738715171814,0.37815746665000916,0.4655098617076874,0.1871347874403,True
False,0.6916927099227905,0.445190966129303,0.7311264276504517,0.39032310247421265,0.4727488160133362,0.1857752948999405,True
False,0.5749193429946899,0.560706615447998,0.74446040391922,0.3848889172077179,0.4769381284713745,0.18925411999225616,True
False,0.7002270817756653,0.40631335973739624,0.7225395441055298,0.36646291613578796,0.48156413435935974,0.18949539959430695,True
False,0.5206804871559143,0.5589793920516968,0.7038595676422119,0.4643998444080353,0.4876832962036133,0.19770129024982452,True
False,0.5137912034988403,0.5810726284980774,0.6273157000541687,0.5534148812294006,0.5052008032798767,0.20357072353363037,True
False,0.49700143933296204,0.5722715258598328,0.602087676525116,0.5335302948951721,0.5229304432868958,0.21386124193668365,True
False,0.4954957067966461,0.5846959352493286,0.579635739326477,0.5692693591117859,0.5403053164482117,0.22428853809833527,True
False,0.5567383170127869,0.5754584074020386,0.5536571741104126,0.5806065797805786,0.5525163412094116,0.23181721568107605,True
False,0.5626402497291565,0.5731244683265686,0.5663335919380188,0.5848445296287537,0.5603046417236328,0.24370643496513367,True
False,0.5913795232772827,0.5676350593566895,0.5672950148582458,0.5807412266731262,0.5612531304359436,0.2530796527862549,True
False,0.4033809006214142,0.5405939221382141,0.6190869808197021,0.5976042747497559,0.5693782567977905,0.2519964277744293,True
False,0.3827647268772125,0.5562265515327454,0.616421103477478,0.6139661073684692,0.5784391760826111,0.24537134170532227,True
False,0.35357117652893066,0.5372257828712463,0.5983304381370544,0.5861603617668152,0.5868278741836548,0.23094861209392548,True
False,0.30343276262283325,0.5360621213912964,0.5803414583206177,0.5785313844680786,0.590550422668457,0.201725035905838,True
False,0.29576578736305237,0.5370938181877136,0.5683956146240234,0.5773768424987793,0.5906788110733032,0.19149450957775116,True
False,0.29838648438453674,0.537874698638916,0.5873685479164124,0.595422625541687,0.5882673859596252,0.16717086732387543,True
False,0.29759570956230164,0.534246563911438,0.5582312941551208,0.595910370349884,0.5839700698852539,0.15932175517082214,True
False,0.3135890066623688,0.521880030632019,0.3707696795463562,0.5808428525924683,0.5806885361671448,0.1560763418674469,True
False,0.3323027789592743,0.5179639458656311,0.35115712881088257,0.5496821403503418,0.5701274871826172,0.1547490805387497,True
False,0.46043717861175537,0.6230393648147583,0.3979710340499878,0.5538605451583862,0.5530145168304443,0.15221555531024933,True
False,0.5939989686012268,0.6150549650192261,0.45158371329307556,0.5879204869270325,0.5378174185752869,0.15713632106781006,True
False,0.4717748463153839,0.6115384697914124,0.5621017217636108,0.608465850353241,0.5189149379730225,0.16054847836494446,True
False,0.5103896856307983,0.5951354503631592,0.5273846387863159,0.5495396852493286,0.49169138073921204,0.19870510697364807,True
True,,,,,,,True
False,0.6696805953979492,0.5253263115882874,0.65692138671875,0.5266981720924377,0.476431280374527,0.19573844969272614,True
False,0.6813713312149048,0.47421759366989136,0.7183690667152405,0.4716078042984009,0.4683878719806671,0.19589321315288544,True
False,0.7056831121444702,0.43998226523399353,0.7346900701522827,0.4585607647895813,0.461678683757782,0.19528648257255554,True
False,0.6941623091697693,0.4681435227394104,0.7429247498512268,0.4584411382675171,0.46043267846107483,0.1931801587343216,True
False,0.7243092060089111,0.4407811462879181,0.732611358165741,0.43457335233688354,0.4632507264614105,0.18644356727600098,True
False,0.7047638297080994,0.4611619710922241,0.7253913283348083,0.4457739293575287,0.4736185669898987,0.1868663728237152,True
False,0.7015972137451172,0.45796990394592285,0.7151477336883545,0.4519394338130951,0.48155421018600464,0.18747614324092865,True
False,0.5423606634140015,0.5808572769165039,0.6712449193000793,0.45249953866004944,0.49276483058929443,0.19229114055633545,True
False,0.505786120891571,0.5734413266181946,0.6421085596084595,0.5057100057601929,0.5054742693901062,0.19238337874412537,True
False,0.5265432000160217,0.5717476010322571,0.6498602032661438,0.5162070393562317,0.5181177854537964,0.19236807525157928,True
False,0.5279030203819275,0.5854423642158508,0.6275688409805298,0.5455986857414246,0.5330219864845276,0.2081332504749298,True
False,0.5289697647094727,0.5825674533843994,0.6387085318565369,0.5573978424072266,0.5428774952888489,0.22981825470924377,True
False,0.534893274307251,0.5640571713447571,0.5697838068008423,0.5785134434700012,0.5521240234375,0.2534793019294739,True
False,0.47794026136398315,0.5653672218322754,0.6037864685058594,0.5794306993484497,0.560603678226471,0.2643583416938782,True
False,0.465297132730484,0.5682134032249451,0.6071541905403137,0.5859270691871643,0.5714404582977295,0.2614248991012573,True
False,0.4383609890937805,0.5813231468200684,0.6152464747428894,0.5929217338562012,0.5803852677345276,0.25276854634284973,True
False,0.37446480989456177,0.5305893421173096,0.5578809380531311,0.5749285221099854,0.5824847221374512,0.23666776716709137,True
False,0.3437168598175049,0.5179087519645691,0.5535779595375061,0.5765708088874817,0.590828537940979,0.21016176044940948,True
False,0.3095235526561737,0.5135819315910339,0.5515352487564087,0.583203136920929,0.5921667814254761,0.19261319935321808,True
False,0.29861825704574585,0.5196102857589722,0.5548818111419678,0.6148844957351685,0.5924809575080872,0.17476415634155273,True
False,0.30281317234039307,0.5198672413825989,0.5278511047363281,0.6067860722541809,0.5901237726211548,0.16546861827373505,True
False,0.306079238653183,0.510832667350769,0.3786696493625641,0.5858645439147949,0.5848289728164673,0.1647738218307495,True
False,0.32970014214515686,0.5059359669685364,0.3641819357872009,0.5415034890174866,0.5833354592323303,0.16397596895694733,True
False,0.3525788187980652,0.5071735382080078,0.40322044491767883,0.5497313141822815,0.5731839537620544,0.16308525204658508,True
False,0.4245193600654602,0.5924152135848999,0.4479377269744873,0.5980557203292847,0.5617843270301819,0.1631426215171814,True
False,0.5139596462249756,0.6532001495361328,0.4642821252346039,0.5951447486877441,0.5510193109512329,0.16588130593299866,True
False,0.5040892362594604,0.6119104623794556,0.4760031998157501,0.5921130180358887,0.5315699577331543,0.16676566004753113,True
False,0.5669296979904175,0.5903158783912659,0.642615556716919,0.5717771053314209,0.5173671245574951,0.1685107797384262,True
False,0.6200814843177795,0.5754208564758301,0.6334574222564697,0.5274467468261719,0.5027046203613281,0.16801799833774567,True
False,0.6632158160209656,0.5278595685958862,0.679873526096344,0.5137127041816711,0.49110403656959534,0.17266905307769775,True
False,0.5811142325401306,0.5530980229377747,0.7151601910591125,0.510326087474823,0.4830763638019562,0.1868457794189453,True
False,0.6751020550727844,0.509610652923584,0.7248088717460632,0.4923126995563507,0.4793298840522766,0.18663406372070312,True
False,0.6823095679283142,0.509719729423523,0.7370034456253052,0.49102920293807983,0.4790119528770447,0.18618638813495636,True
False,0.7028536796569824,0.4804508090019226,0.7324213981628418,0.47754713892936707,0.48555800318717957,0.18108871579170227,True
False,0.707898736000061,0.4523138701915741,0.7220795750617981,0.4663250744342804,0.49262523651123047,0.18223151564598083,True
False,0.6153112053871155,0.5184598565101624,0.7064322829246521,0.47305789589881897,0.49440377950668335,0.19269505143165588,True
False,0.5511341094970703,0.5617202520370483,0.6783511638641357,0.48304739594459534,0.5128021836280823,0.19824230670928955,True
False,0.538113534450531,0.5560051798820496,0.6131142973899841,0.5261754393577576,0.531499981880188,0.20168191194534302,True
False,0.5221199989318848,0.5550499558448792,0.5886536836624146,0.547556459903717,0.5394200086593628,0.21890810132026672,True
False,0.5397571921348572,0.5563826560974121,0.5652485489845276,0.570888876914978,0.5613454580307007,0.23144245147705078,True
False,0.5442614555358887,0.5526707768440247,0.5567660331726074,0.5693186521530151,0.5706450939178467,0.24900886416435242,True
False,0.5867974758148193,0.5511745810508728,0.5506950616836548,0.5731513500213623,0.5758475065231323,0.2669050097465515,True
False,0.4500882029533386,0.5601776838302612,0.6229757070541382,0.5904428362846375,0.5821217894554138,0.2674119472503662,True
False,0.41195979714393616,0.5422167778015137,0.625873327255249,0.5753785371780396,0.5914503335952759,0.2658953070640564,True
False,0.440854549407959,0.5317704081535339,0.5793153643608093,0.5734109878540039,0.596933901309967,0.25986331701278687,True
False,0.3960443139076233,0.5047144293785095,0.5787534117698669,0.5679526925086975,0.6030173897743225,0.2542423903942108,True
False,0.4403819143772125,0.5402421951293945,0.553084135055542,0.5666834115982056,0.6079030632972717,0.21304252743721008,True
False,0.3184548318386078,0.4883476495742798,0.5410505533218384,0.5620471239089966,0.6141186952590942,0.18988731503486633,True
False,0.35979795455932617,0.5004262328147888,0.556195855140686,0.5940324068069458,0.6144101619720459,0.17655931413173676,True
False,0.3187028765678406,0.49056506156921387,0.576539158821106,0.5941433906555176,0.6144815683364868,0.16182047128677368,True
False,0.3414416015148163,0.4990193545818329,0.5671142339706421,0.5941206812858582,0.614680826663971,0.15373314917087555,True
False,0.36188092827796936,0.503350555896759,0.48755285143852234,0.597714364528656,0.6086299419403076,0.15709124505519867,True
False,0.376726359128952,0.5437714457511902,0.45734068751335144,0.6220450401306152,0.6023141741752625,0.1535121649503708,True
False,0.4562511742115021,0.6170005798339844,0.4896053075790405,0.6336175799369812,0.5893457531929016,0.15240563452243805,True
False,0.5875508785247803,0.6456136107444763,0.4456440806388855,0.5654240250587463,0.5751703381538391,0.14915704727172852,True
False,0.5284847617149353,0.6000657081604004,0.6201581358909607,0.584721565246582,0.5633895993232727,0.15581636130809784,True
False,0.5232924818992615,0.5956750512123108,0.5177738070487976,0.5657523274421692,0.5573450326919556,0.15929894149303436,True
False,0.6575775146484375,0.5872195363044739,0.594171404838562,0.5644609928131104,0.5355240106582642,0.16629120707511902,True
False,0.6816073060035706,0.546210765838623,0.6992154121398926,0.5482168793678284,0.5258625149726868,0.1679678112268448,True
False,0.5513812303543091,0.5563836097717285,0.7496533989906311,0.5416837930679321,0.515248715877533,0.17018495500087738,True
False,0.7396613359451294,0.49979424476623535,0.7350084185600281,0.5106196403503418,0.5105355381965637,0.17265865206718445,True
False,0.7541967034339905,0.4571481943130493,0.7300247550010681,0.4900861978530884,0.5144429802894592,0.17243592441082,True
False,0.7541519403457642,0.43106701970100403,0.7312063574790955,0.4528244137763977,0.5165923833847046,0.17180316150188446,True
False,0.7286641597747803,0.40872979164123535,0.7034408450126648,0.43776068091392517,0.5228735208511353,0.1742229163646698,True
False,0.5047643780708313,0.5138221383094788,0.589763343334198,0.473969966173172,0.5232215523719788,0.18028414249420166,True
False,0.5018560290336609,0.5702052712440491,0.5924150347709656,0.5492669343948364,0.5382080674171448,0.17997682094573975,True
False,0.5252224802970886,0.5831143260002136,0.6043941378593445,0.549972653388977,0.5536947250366211,0.18405386805534363,True
False,0.5267900228500366,0.5977723002433777,0.5549498200416565,0.5741817355155945,0.5697851777076721,0.1904909759759903,True
False,0.5340373516082764,0.6064132452011108,0.539009153842926,0.5928035974502563,0.5822896361351013,0.21380440890789032,True
False,0.5520426630973816,0.5793693661689758,0.5637645125389099,0.5736601948738098,0.5922465324401855,0.23041394352912903,True
False,0.5583879947662354,0.5732539296150208,0.5836409330368042,0.5623772740364075,0.5790494084358215,0.23636376857757568,True
False,0.547755777835846,0.5951467156410217,0.5961156487464905,0.5566493272781372,0.5905324816703796,0.23440149426460266,True
False,0.5333368182182312,0.6162872314453125,0.6229596138000488,0.5883305072784424,0.5842189788818359,0.2577459216117859,True
False,0.5338605046272278,0.6122255921363831,0.5835000872612,0.592987596988678,0.5527628660202026,0.3374192714691162,True
False,0.3786989748477936,0.5494917035102844,0.6223753690719604,0.581314742565155,0.5676170587539673,0.3182452619075775,True
False,0.3128800392150879,0.5385082960128784,0.6342628002166748,0.5758547186851501,0.5833439826965332,0.35120946168899536,True
False,0.4102449417114258,0.5525283813476562,0.5780651569366455,0.5744824409484863,0.5701496601104736,0.3248938024044037,True
False,0.5325199365615845,0.56149822473526,0.5578559637069702,0.572432816028595,0.6166572570800781,0.30529627203941345,True
False,0.5721388459205627,0.5776921510696411,0.5037767887115479,0.5394341349601746,0.6279591917991638,0.27119290828704834,True
False,0.5515435934066772,0.5796729922294617,0.5230045318603516,0.5366477966308594,0.6122388243675232,0.24855777621269226,True
False,0.5005073547363281,0.5945846438407898,0.5073271989822388,0.5376686453819275,0.6174827814102173,0.22610096633434296,True
False,0.4735869765281677,0.6051995158195496,0.49883556365966797,0.5527303218841553,0.6104220747947693,0.2244325429201126,True
False,0.5016577243804932,0.5912073254585266,0.48608285188674927,0.5595663785934448,0.6072165369987488,0.2133490890264511,True
False,0.4529110789299011,0.5823715329170227,0.511790931224823,0.5840891599655151,0.5890905857086182,0.20586906373500824,True
False,0.46008625626564026,0.5939980149269104,0.6121707558631897,0.5827566981315613,0.57494056224823,0.17978017032146454,True
False,0.5362328886985779,0.5950940251350403,0.5352713465690613,0.5798343420028687,0.5617101192474365,0.1773810088634491,True
False,0.6943711638450623,0.5570215582847595,0.6055636405944824,0.5742800831794739,0.5529662370681763,0.17470243573188782,True
False,0.7377841472625732,0.5545061826705933,0.6283122301101685,0.5583417415618896,0.5425910949707031,0.17261339724063873,True
False,0.7472786903381348,0.5385289788246155,0.5990209579467773,0.5369493961334229,0.5343066453933716,0.16619940102100372,True
False,0.7823188304901123,0.49467548727989197,0.682920515537262,0.4948606491088867,0.5358201861381531,0.16410858929157257,True
False,0.7632067203521729,0.5044199824333191,0.6228195428848267,0.504102885723114,0.5351740121841431,0.15829360485076904,True
False,0.7587154507637024,0.49694353342056274,0.7094087600708008,0.4884916841983795,0.5371661186218262,0.16042155027389526,True
False,0.723516583442688,0.47499337792396545,0.7127760052680969,0.4822086691856384,0.5382823348045349,0.161078080534935,True
False,0.5765498876571655,0.4969726800918579,0.6799452304840088,0.496535986661911,0.5395011305809021,0.16517889499664307,True
False,0.5437452793121338,0.5648446679115295,0.5752367377281189,0.5328255891799927,0.547804057598114,0.17065861821174622,True
False,0.5787622928619385,0.5717816352844238,0.5792829394340515,0.5502406358718872,0.5592383146286011,0.16423949599266052,True
False,0.5779509544372559,0.613335907459259,0.5926007628440857,0.5813689827919006,0.5723959803581238,0.155702143907547,True
False,0.5736554265022278,0.5844128131866455,0.6017172336578369,0.5432039499282837,0.5841901302337646,0.14771325886249542,True
False,0.5673731565475464,0.5146076679229736,0.5889421701431274,0.5050250887870789,0.5961347818374634,0.1507336050271988,True
False,0.5578696727752686,0.5019544363021851,0.565254271030426,0.473831444978714,0.591413140296936,0.15344290435314178,True
False,0.547389566898346,0.4873381555080414,0.5150383710861206,0.47800108790397644,0.5905964374542236,0.16903948783874512,True
False,0.5390514731407166,0.47708600759506226,0.4376727342605591,0.4765436053276062,0.5914609432220459,0.16853216290473938,True
False,0.5548985004425049,0.4962565004825592,0.40860679745674133,0.47316983342170715,0.6054125428199768,0.1681540459394455,True
False,0.481497585773468,0.4695128798484802,0.48672083020210266,0.46599647402763367,0.5973162651062012,0.2547425329685211,True
False,0.46644601225852966,0.44740796089172363,0.5104634165763855,0.4370153546333313,0.5897157192230225,0.2679324746131897,True
False,0.43548697233200073,0.5164902806282043,0.5940542221069336,0.49795255064964294,0.5689064860343933,0.2927860617637634,True
False,0.37450098991394043,0.5703814029693604,0.601142406463623,0.5515140295028687,0.5650489330291748,0.2900635898113251,True
False,0.39804893732070923,0.5825201272964478,0.553259015083313,0.5608914494514465,0.5502729415893555,0.295171320438385,True
False,0.3817031681537628,0.6115841865539551,0.5737410187721252,0.5788630247116089,0.5599588751792908,0.32040539383888245,True
False,0.5591044425964355,0.6046555638313293,0.5155434608459473,0.5794363617897034,0.5620483756065369,0.29170697927474976,True
False,0.5453739166259766,0.5904911756515503,0.49739983677864075,0.5571731925010681,0.5593166351318359,0.277359277009964,True
False,0.5201236605644226,0.5852410793304443,0.5166950225830078,0.5581385493278503,0.5546674132347107,0.2725040912628174,True
False,0.5117529630661011,0.5910906791687012,0.5337418913841248,0.5518670082092285,0.5301650762557983,0.2695575952529907,True
False,0.5101597309112549,0.6025055050849915,0.5951477289199829,0.5538123250007629,0.5357166528701782,0.2725275158882141,True
False,0.6005761027336121,0.5574921369552612,0.6419894695281982,0.5188966989517212,0.5250479578971863,0.23306262493133545,True
False,0.7052381634712219,0.47872820496559143,0.6570401787757874,0.4764760732650757,0.5208902359008789,0.19702808558940887,True
False,0.5218266844749451,0.5603823661804199,0.7435564398765564,0.4729987680912018,0.5024515390396118,0.19661767780780792,True
False,0.5224564671516418,0.5589568018913269,0.7266397476196289,0.4787011742591858,0.4762357175350189,0.17885306477546692,True
False,0.6145375967025757,0.5268376469612122,0.7432088851928711,0.47377490997314453,0.4795915186405182,0.18013203144073486,True
False,0.7463085651397705,0.4734036922454834,0.5409649014472961,0.4775150716304779,0.4565217196941376,0.16629397869110107,True
False,0.7522669434547424,0.45878320932388306,0.4835592210292816,0.5314027667045593,0.4541186988353729,0.15931639075279236,True
False,0.7415373921394348,0.46068423986434937,0.5281935930252075,0.5346440672874451,0.451027512550354,0.1466664969921112,True
False,0.7100785374641418,0.43146947026252747,0.5449525713920593,0.5503527522087097,0.45227310061454773,0.1443076729774475,True
False,0.6366491913795471,0.49768778681755066,0.5469815135002136,0.5531185865402222,0.46041005849838257,0.14497816562652588,True
False,0.6346663236618042,0.507695734500885,0.5914175510406494,0.5404819846153259,0.46837976574897766,0.1460665911436081,True
False,0.6225680708885193,0.5651073455810547,0.5371624827384949,0.5815287828445435,0.4783687889575958,0.14273326098918915,True
False,0.6092082262039185,0.5802960395812988,0.5439480543136597,0.5896801948547363,0.5004169940948486,0.14576952159404755,True
False,0.6015058755874634,0.5713342428207397,0.5219405293464661,0.5782191157341003,0.5232995748519897,0.14909628033638,True
False,0.609798789024353,0.5588730573654175,0.5106000304222107,0.5139958262443542,0.5455248355865479,0.14997264742851257,True
False,0.6109782457351685,0.5590096712112427,0.5208447575569153,0.5257689952850342,0.5562861561775208,0.15249274671077728,True
False,0.5988938212394714,0.4932544231414795,0.5285675525665283,0.4617902636528015,0.5660526752471924,0.15380537509918213,True
False,0.6051942706108093,0.5076442360877991,0.39860716462135315,0.4543054699897766,0.5692622661590576,0.1543017029762268,True
False,0.6086826920509338,0.5019871592521667,0.4229535758495331,0.4701993465423584,0.5665653944015503,0.15486861765384674,True
False,0.48500120639801025,0.5004769563674927,0.35105088353157043,0.4332345426082611,0.563786506652832,0.15830357372760773,True
False,0.41327542066574097,0.4999963343143463,0.32131874561309814,0.4483698010444641,0.5601357817649841,0.1626736968755722,True
False,0.3689838945865631,0.48867034912109375,0.32421910762786865,0.46061310172080994,0.5571069121360779,0.16764089465141296,True
False,0.3536420166492462,0.499694287776947,0.3189874589443207,0.49434447288513184,0.5543959140777588,0.17394693195819855,True
False,0.3490889370441437,0.5177664160728455,0.35331952571868896,0.5350688695907593,0.5481885671615601,0.17870385944843292,True
False,0.43237656354904175,0.592825710773468,0.4509805738925934,0.5625714659690857,0.5371689796447754,0.17836138606071472,True
False,0.5151955485343933,0.6064620614051819,0.4828292727470398,0.5797961950302124,0.5359623432159424,0.19906386733055115,True
False,0.5574807524681091,0.6065895557403564,0.48435938358306885,0.558874249458313,0.5261224508285522,0.19343823194503784,True
False,0.6121543049812317,0.5984272956848145,0.5092369318008423,0.5696287751197815,0.523293137550354,0.2467164248228073,True
False,0.5409565567970276,0.5965693593025208,0.5543088316917419,0.5859953165054321,0.5156934857368469,0.26355302333831787,True
False,0.6102873682975769,0.6077739596366882,0.5237160921096802,0.5791622996330261,0.5125473141670227,0.2572837471961975,True
False,0.5979594588279724,0.6082811951637268,0.7002337574958801,0.6085845232009888,0.5845602750778198,0.39726221561431885,True
False,0.5768073201179504,0.5988789796829224,0.7503118515014648,0.587094783782959,0.5621050596237183,0.34620264172554016,True
False,0.5976484417915344,0.6174179911613464,0.8014749884605408,0.5648592710494995,0.6093217730522156,0.40106651186943054,True
False,0.6027404069900513,0.5880013108253479,0.7704645395278931,0.5709044337272644,0.5879670977592468,0.3411577045917511,True
False,0.6363738775253296,0.5990827083587646,0.8216697573661804,0.48664724826812744,0.5722259283065796,0.3623780608177185,True
False,0.6035311818122864,0.6226704716682434,0.822827935218811,0.5140917897224426,0.5407050251960754,0.3584553301334381,True
False,0.4574745297431946,0.620427131652832,0.7330570816993713,0.6352072358131409,0.5294525027275085,0.30678439140319824,True
False,0.4578714966773987,0.5875717997550964,0.7060319781303406,0.6392896771430969,0.5570891499519348,0.3378104269504547,False
False,0.45940932631492615,0.5749860405921936,0.6991677284240723,0.6300994157791138,0.5635084509849548,0.30122148990631104,False
False,0.4929901659488678,0.593472957611084,0.6954357624053955,0.639213502407074,0.5725690722465515,0.28112974762916565,False
False,0.5564303398132324,0.5300139784812927,0.6955925822257996,0.6342374086380005,0.5868224501609802,0.2699807286262512,False
False,0.5748997926712036,0.5659039616584778,0.6951696276664734,0.6431319117546082,0.603576123714447,0.25181227922439575,False
False,0.6160054802894592,0.5888940095901489,0.6969624757766724,0.6424869894981384,0.6195864677429199,0.22065280377864838,False
False,0.6073995232582092,0.5152767896652222,0.6953692436218262,0.6405056118965149,0.6372749209403992,0.1790454387664795,False
False,0.63362717628479,0.5646754503250122,0.6917579770088196,0.6452476978302002,0.654702365398407,0.1412079781293869,False
False,0.6382410526275635,0.5659076571464539,0.6901057958602905,0.6497578620910645,0.670726478099823,0.06852269172668457,False
False,0.570360541343689,0.5094612836837769,0.6900797486305237,0.6516843438148499,0.6857990622520447,0.053685035556554794,False
False,0.5139777660369873,0.5079478025436401,0.6898933053016663,0.6527003049850464,0.7012016177177429,0.027593232691287994,False
False,0.48340800404548645,0.5202198624610901,0.690993070602417,0.6533974409103394,0.7128821611404419,0.014826834201812744,False
False,0.49413105845451355,0.5259783864021301,0.692785918712616,0.6548427939414978,0.7185793519020081,-0.007001087069511414,False
False,0.5014803409576416,0.5474614500999451,0.6947206258773804,0.6559296250343323,0.7298794984817505,-0.02442634478211403,False
False,0.5701158046722412,0.5778775215148926,0.6922523379325867,0.6539040207862854,0.7540378570556641,-0.05458433926105499,False
False,0.6151825189590454,0.6134204864501953,0.690671443939209,0.6530173420906067,0.7607775926589966,-0.0653369203209877,False
False,0.6417175531387329,0.6343944072723389,0.6874972581863403,0.6452006697654724,0.7683057188987732,-0.030691221356391907,False
True,,,,,,,False
True,,,,,,,False
True,,,,,,,False
True,,,,,,,False
True,,,,,,,False
True,,,,,,,False
False,0.7174524664878845,0.70554518699646,0.8061763644218445,0.6928876042366028,0.8043246269226074,0.04476001858711243,False
False,0.7174522876739502,0.7090452909469604,0.8486956357955933,0.6949312090873718,0.8161296844482422,0.05103432387113571,False
False,0.7174875140190125,0.7123927474021912,0.8936291337013245,0.6949232816696167,0.8226226568222046,0.05643625929951668,False
False,0.7216715216636658,0.7136737108230591,0.926922619342804,0.6948943138122559,0.8345938920974731,0.02579416334629059,False
False,0.7227531671524048,0.7149819135665894,0.9384545087814331,0.6954483985900879,0.8566455245018005,-0.011273973621428013,False
False,0.7278805375099182,0.7199470400810242,0.9383924603462219,0.6980044841766357,0.8713703155517578,-0.03921736404299736,False
False,0.7339603900909424,0.7200207114219666,0.9364225268363953,0.7044216990470886,0.8985180854797363,-0.054568223655223846,False
False,0.7513357400894165,0.7226871252059937,0.926558256149292,0.7043305039405823,0.9259929656982422,-0.13602669537067413,False
False,0.7941722869873047,0.7239020466804504,0.8897786736488342,0.6973239779472351,0.9392081499099731,-0.11363589018583298,False
False,0.8353372812271118,0.7232000827789307,0.9388794898986816,0.7071056962013245,0.9530888795852661,-0.14673671126365662,False
False,0.9042113423347473,0.7227465510368347,0.9167875051498413,0.6884986162185669,0.9565131664276123,-0.11927362531423569,False
False,0.9385413527488708,0.7267016768455505,0.9259829521179199,0.6958669424057007,0.9523603320121765,-0.018470443785190582,False
True,,,,,,,False
True,,,,,,,False
True,,,,,,,False
True,,,,,,,False
True,,,,,,,False
True,,,,,,,False
True,,,,,,,False
True,,,,,,,False
True,,,,,,,False
True,,,,,,,False
True,,,,,,,False
True,,,,,,,False
True,,,,,,,False
True,,,,,,,False
True,,,,,,,False
True,,,,,,,False
True,,,,,,,False
True,,,,,,,False
True,,,,,,,False
True,,,,,,,False
True,,,,,,,False
True,,,,,,,False
True,,,,,,,False
True,,,,,,,False
True,,,,,,,False
True,,,,,,,False
True,,,,,,,False
True,,,,,,,False
True,,,,,,,False
True,,,,,,,False
True,,,,,,,False
True,,,,,,,False
True,,,,,,,False
True,,,,,,,False
True,,,,,,,False
True,,,,,,,False
True,,,,,,,False
True,,,,,,,False
True,,,,,,,False
True,,,,,,,False
True,,,,,,,False
True,,,,,,,False
True,,,,,,,False
True,,,,,,,False
True,,,,,,,False
True,,,,,,,False
True,,,,,,,False
True,,,,,,,False
True,,,,,,,False
True,,,,,,,False
True,,,,,,,False
True,,,,,,,False
True,,,,,,,False
True,,,,,,,False
True,,,,,,,False
True,,,,,,,False
True,,,,,,,False
True,,,,,,,False
True,,,,,,,False
True,,,,,,,False
True,,,,,,,False
True,,,,,,,False
True,,,,,,,False
True,,,,,,,False
True,,,,,,,False
True,,,,,,,False
True,,,,,,,False
True,,,,,,,False
True,,,,,,,False
True,,,,,,,False
True,,,,,,,False
True,,,,,,,False
True,,,,,,,False
True,,,,,,,False
True,,,,,,,False
True,,,,,,,False
True,,,,,,,False
True,,,,,,,False
True,,,,,,,False
True,,,,,,,False
True,,,,,,,False
True,,,,,,,False
True,,,,,,,False
True,,,,,,,False
True,,,,,,,False
True,,,,,,,False
True,,,,,,,False
True,,,,,,,False
True,,,,,,,False
True,,,,,,,False
True,,,,,,,False
True,,,,,,,False
True,,,,,,,False
True,,,,,,,False
True,,,,,,,False
True,,,,,,,False
True,,,,,,,False
True,,,,,,,False
True,,,,,,,False
True,,,,,,,False
